Die von der Stiftung Preußische Seehandlung vergebene Auszeichnung ist mit 20 000 Euro dotiert. ; []
Die von der Budgetgemeindeversammlung beschlossenen 1,7 Mio. Franken würden lediglich für ein Szenario «Kontrolliertes Altern» ausreichen. ; []
Die werden sich an Sie erinnern, auch wenn Sie nicht mehr da sind. ; []
Doch dann habe man den Sonderausschuss zu Benghasi eingesetzt, und seither seien Clintons Umfragewerte am Sinken, weil sie nicht vertrauenswürdig sei. ; []
Doch dann wird Melanie mit Bens Vergangenheit konfrontiert. ; []
Dieser soll gespeicherte Abdrücke auch erkennen, wenn der Finger in einem anderen Winkel aufgelegt wird. ; []
Diese belaufen sich [auf etwa 600'000 Franken. ; []
Diese Basis erlaubt einen repräsentativen Überblick über die Verteilung der Smartphone-Betriebssysteme in der Schweiz: 58 Prozent nutzen die App auf iOS-Geräten, 40 Prozent auf Android-Telefonen und lediglich 2 Prozent auf Windows Phones. []
Doch das ist nicht der einzige Grund, seine Anbieterwahl zu überprüfen: Eine Kurve zeigt, wann der Wechsel besonders sinnvoll ist. []
Doch die offiziell «Banking and Trading Group» genannte BTG scheint derzeit an ihrem hohen Anspruch zu scheitern. ; []
Doch [verzichten] diese dann nicht gleich ganz auf einen Vermittler? ; []
Doch am Ende werden Vorschläge in der Gruppe der Euro-Finanzminister diskutiert. ; []
Doch viele wehren sich bis heute gegen diese Feststellung. ; []
Die Anwälte fordern von der MacArthur-High School in Irving im Bundesstaat Texas fünf Millionen und von der Stadt Irving zehn Millionen Dollar. ; []
Die einen entfernen jedes Brösel mit einem speziellen Handbesen von der Arbeitsfläche und schrubben die Fliesenfugen mit einer Zahnbürste. ; []
Asexualität breitet sich bei den jungen Menschen aus, aber auch in festen Beziehungen und Ehen Alle zwei Jahre führt die japanische Gesellschaft für Familienplanung eine Umfrage nach dem Sexualverhalten durch. ; []
Ich erfuhr schmerzhaft, wie einschneidend es ist, dass wir – wie die meisten armenischen Familien – keine Fotos und Dokumente von früher besitzen. ; []
Die Anleger warteten noch die Quartalsbilanzen wichtiger Unternehmen ab, erklärten Händler die Zurückhaltung. ; []
Der 37-Jährige hatte zuletzt einen Film produziert, der Gräueltaten der Dschihadisten in Aleppo zeigt. ; []
Wer also nur einen Schultermuskel trainiert, beschert diesem zwar einen Kraftgewinn, das diffizile Zusammenspiel der Muskeln dieser Region gerät dadurch aber leicht aus der Balance. ; []
Außerdem stecken auch noch ein WLAN-Modul und Bluetooth 4.0 in dem kleinen Gehäuse. ; []
Die 36-Jährige kam ins Krankenhaus. ; []
Weil die europäischen Regierungen keine Macht haben, nicht einmal der deutsche Finanzminister Wolfgang Schäuble. ; []
Dies sind und bleiben deutsche Vernichtungslager, die auf dem Gebiet des heutigen Polen liegen. ; []
Diese junge Frau hat allerdings auch ein sehr freundliches Gesicht. ; []
Wir werden alles nach der Saison besprechen. ; []
Dem stimmt Schrenk zu: "Eine derart riesige Anzahl von Fundstücken ermöglicht einen bislang noch nie da gewesenen Detailreichtum bei der Artbeschreibung." ; []
Wer sind die Männer, die am Mittwoch schwer bewaffnet in die Redaktion des Satiremagazins Charlie Hebdo stürmten und dort zwölf Menschen töteten? ; []
Auch Thomas Cook berichtete von steigender Nachfrage. ; []
Ihr Buch mit dem Titel Selfish ("Egoistisch") zeigt, wie ihre Aura entstand. ; []
Lediglich fünf Prozent haben Vertrauen in die Fifa. ; []
Ich habe gehört, dass die zur DTM in Hockenheim in einem Bus aus Tschechien eingefahren wurden. ; []
Die auch optisch überarbeitete dpa-Videoplattform bietet eineinhalb Jahre nach ihrem Start jetzt nicht nur mehr Auswahl, sondern hat auch neue Funktionen erhalten. ; []
In der Gesamtwertung belegt er den dritten Platz mit nur zwei Zählern Rückstand zu Rang zwei. ; []
So erhält die Lackieranlage des Gehäuseherstellers vom Funkchip des Farbbehälters Anweisungen zu den optimalen Verarbeitungsbedingungen des Lacks. ; []
In Zürich vergiften Unbekannte die seltenen Greifvögel mit «Kamikaze-Tauben». ; []
Nach Studioschätzungen verdiente Clint Eastwoods Scharfschützen-Epos am Wochenende weitere 31,9 Millionen Dollar (rund 28 Millionen Euro) dazu. ; []
Besonders viel Aufmerksamkeit bekam eine Aktion der Edition F, unterstützt von Handelsblatt und Huffington Post: Ausgewählt wurden die 25 Frauen, die im Jahr 2025 als Dax-CEO gesehen werden. ; []
Die israelischen Behörden und die jordanische Stiftung Waqf kooperieren, um sicherzustellen, dass Besucher und Gläubige die Heiligkeit des Ortes respektieren. ; []
Bei keinem der drei Ländern hat die EU-Mitgliedschaft zu einer Verbesserung der Verhältnisse geführt. ; []
Er will sich dafür einsetzen, dass die Kinder in die Regionen kommen, wo es die entsprechenden Einrichtungen und Unterbringungsmöglichkeiten gibt. ; []
Es sei nicht bekannt, in welchem technischen Zustand sich das Schiff, das mehr als ein halbes Jahrhundert alt sei, befinde. ; []
CosmosDirekt-Versicherungsexperte Frank Bärnhof gibt Tipps für ein sicheres Fahren trotz Stau und erklärt, was zu tun ist, falls doch ein Unfall passiert. ; []
Auf welch beschwerlichem und lebensgefährlichem Weg er vor 14 Monaten von Syrien nach Deutschland gelangt ist, mag der 23-jährige Yazdan Ayo gar nicht im Detail berichten. ; []
Diese bräuchten nun „viel Trost und Verständnis“. ; []
Es dauerte einige Stunden, ehe die Maschine die Reise nach Paris fortsetzen konnte.; []
Die patentierte Technologie dafür erwarb Samsung mit der Übernahme des Apple-Pay-Konkurrenten LoopPay. ; []
Die Mannschaft der Weltmeister Per Mertesacker, Lukas Podolski und Mesut Özil unterlag beim Tabellenvierten FC Southampton (36) 0:2 (0:1) und hat auf dem fünften Rang nun drei Zähler Rückstand auf die Saints. ; []
Acerer sagte der Zeitung "Hürriyet", das soziale Netzwerk Facebook sei nur kurzzeitig von der Sperre betroffen gewesen. ; []
Schon erscheint der Browser in der Tabelle unten mit einem Standardsatz an Sicherheitsfunktionen. ; []
Zu allen finanziellen Details schweigt er ebenso wie Werner Eckart, der auf eine entsprechende Verschwiegenheitsvereinbarung mit dem Freistaat verweist. ; []
Das Tier wurde bei der Jagd zunächst nur verwundet und starb erst viele Stunden später. ; []
Für Nordenham, Meaulte und Filton sollen Partner gefunden werden. ; []
Der auserkorene Name bedeutet im Afrikanischen „Glück“. ; []
Aber es ist gerade das Ziel der IS-Terrormiliz, einen Bodenkrieg zu initiieren und westliche Armeen mit hineinzuziehen.; []
Damit hätten die Mitarbeiter „gute Startbedingungen für den neuen Stern des Ostens“, meinte Olivier Höbel, der Bezirksleiter der IG Metall Berlin-Brandenburg-Sachsen, nach dem Abschluss der Vereinbarung. ; [] 
Der schwedische Mutterkonzern hält sich raus. ; []
Inzwischen hat Alibaba aus dem einstigen Englischlehrer und Dolmetscher den reichsten Mann Asiens gemacht. ; []
Später gaben die Ärzte Entwarnung. ; []
Unsere Mandanten leiden jedoch nicht nur an dem Verlust ihrer Liebsten. ; []
Ganz normale Handys werden im englischen Sprachraum als "Dumb Phones", also "dumme Phones", bezeichnet, was keine allzu schmeichelhafte Bezeichnung ist. ; []
Bei einer hohen Frequenz an Postings kann eine häufigere Auswertung ebenfalls sinnvoll sein. ; []
Auch Österreichs Winzer kommen in den USA ins Geschäft. ; []
Ganz bestimmt sind die Abgeordneten auf der makellosen Autobahn vom nagelneuen Flughafen in Baku ins Stadtzentrum gefahren, dessen Flair an Dubai erinnert. ; []
Der bisherige Temperaturrekord lag bei 17,1 Grad Celsius, die am 24. April 1961 am gleichen Ort verzeichnet wurden. ; []
“Aber eigentlich ist es nichts vollkommen Neues, da ich schon mit Karts bei Nacht Rennen gefahren bin", sagte er. ; []
Sutter stellt dieses am Donnerstagabend kurz vor acht Uhr auf Instagram – knapp drei Stunden nach dem Rausschmiss seines Trainers Uli Forte. Hinzu fügt der Verteidiger als Kommentar: «Love these Summer evenings». ; []
Die meisten Wohlhabenden wechseln zur Silberwährung, da Gold seltener und teurer ist als Silber. ; []
Alles ist fix und fertig zum Zusammenbauen. ; []
Es sei sehr leicht zu merken gewesen. ; []
KBG84 füllt in Japan Konzerthallen und hat jetzt auch ein Album in den Charts. ; []
Die Heuer verlängern und die nächste Reise nach Japan mitmachen – oder doch zurück nach Zürich? ; []
Die Besatzung der auf dem Sinai abgestürzten Passagiermaschine hat nach Angaben der Fluggesellschaft vor dem Unglück keinen Notruf abgesetzt. ; []
Und auch bei Filmtagen vor den Testfahrten in Barcelona konnte man Gerüchten zufolge nur wenige Runden abspulen. ; []
Und wir haben auch eine Reihe von größeren Unternehmen geschaffen. ; []
Alle Tricks sind erlaubt, aber das, was zum Bezahlen anfällt, muss dann überwiesen werden. ; []
LONDON - Die britische Investmentbank HSBC hat Continental von "Hold" auf "Buy" hochgestuft und das Kursziel von 230 auf 250 Euro angehoben. ; []
Der Platzverweis hatte ihn in der 9. Minute ereilt. ; []
Unter anderem waren dem Bericht zufolge mehrere Kampfpanzer und Armeelaster in Richtung Westen unterwegs. ; []
Ich spiele dann doch auf Spanisch! ; []
Wohlfühltrip im Reisebus Am Vormittag, um 11 Uhr, trifft Vizekanzler Sigmar Gabriel im Ort ein.; []
Ein Waisenknabe ist Fröhlich, Ex-Finalist des RTL-Castings „Deutschland sucht den Superstar“ (DSDS), allerdings auch nicht: „Mein Image ist immer nur der asoziale Schläger, der gut singen kann.“ ; []
Erfülltes Familienleben nur mit Teilzeitjob möglich Die Online-Partnerbörse Parship veröffentlichte kürzlich Umfrageergebnisse zu diesem Thema. ; []
Nicht nur, dass viele nicht verstehen wollen, warum jemand so viel Geld ausgerechnet für den Tod eines prächtigen Tieres zahlt: Ein Naturfreund könnte das Geld auch für einen Fotoshoot überweisen. ; []
Apple hat außerdem eine neue Datenschutzeinstellung eingerichtet, die die Protokollierung von Schritten, Wegstrecken und erklommenen Stockwerken abschaltet. ; []
Dessen Vorsprung auf den Zweitplatzierten Spanier Jorge Lorenzo beträgt bloss sieben Punkte. ; []
Der Familie zufolge wuchs M. in Pennsylvania auf und wechselte häufiger den Wohnort.; []
Die spanische Fußballliga ist die einzige in Europa, in der jeder Club selbst die TV-Verträge mit dem in Barcelona beheimateten Rechteinhaber Mediapro ausverhandeln kann. ;[]
Später lässt er noch drei weitere Siege folgen. ; []
Zudem herrscht wenig Zuversicht für das Abschlussquartal. ; []
Jeder Spieler steuert einen dieser Balken auf und ab – wahlweise mit der Tastatur oder über ein Gamepad. ; []
Das andere Thema ist ein Recht auf Teilzeit. ; []
Neben Maren sieht er aus wie Hayden Panettiere. ; []
Er fordere dagegen eine möglichst rasche Einigung der Parteien. ; []
Das spezielle Nummernschild können Klassiker ab 30 Jahren bekommen, die originalgetreu erhalten und gut gepflegt sind. ; []
Nutzer sollten ihre Firefox-Version daher möglichst zeitnah aktualisieren. ; []
Allerdings finde ich bei dem oftmals vergleichsweise geringen Preis, für solch ein Mobile Spiel, kann und sollte man es auch kaufen wenn man sich für das Spielprinzip interessiert. ; []
Dort stehen über 2.500 Kursvideos zur Verfügung, viele davon auch mit AGR-zertifizierten Sportgeräten. ; []
Darauf können sich die Patientinnen und Patienten genau wie die Mitarbeiterinnen und Mitarbeiter des UKSH verlassen. ; []
Die Vorwürfe hinsichtlich Menschenrechtsverstößen seien "unwahr" und "westliche Propaganda", argumentierte sie weiter. ; []
Die gewaltige Naturkatastrophe traf gleich mehrere Südsee-Staaten. ; []
Angesichts der Ertragsnot durch die Niedrigzinsphase heben einige Sparkassen und Volksbanken im Saarland ihre Kontogebühren an. ; []
Von Daniel Scheiblberger Polizist zu Zeugin: "Bloß nicht einmischen" Ermittlungen im Fall von Schändungen der KZ-Gedenkstätte Mauthausen und eines türkischen Kindergrabes. ; []
Der sowjetische Diktator, so schilderte es der spätere Außenminister Andrej Gromyko in seinen Erinnerungen, habe die Nachricht "ruhig und ohne ersichtliche Gemütsbewegung aufgenommen". ; []
Dort müssen Geo-Termische Kraftwerke erbaut werden. ; []
Ebenso wie die Sprinter haben sich auch die Favoriten auf die Gesamtwertung die Streckenführung der Tour 2015 genau angeschaut. ; []
Norman Volger, Fraktionsvorsitzender und Stadtrat aus dem Leipziger Süden erklärt dazu: „Wir bekräftigen mit unserem Änderungsantrag, dass der agra-Messepark als Veranstaltungs- und Ausstellungsgelände Bestand haben muss. ; []
Continental Perlentaucher: Oscars, Patrice Nganang, Leander Haußmann Heute in den Feuilletons: "Maximaler Tiefenblödsinn" In der "Welt" erklärt der kamerunische Schriftsteller Patrice Nganang die Macht des Schriftstellers. ; []
Daher sind wir von den Bedingungen nicht weit entfernt, die im 20. Jahrhundert zwei blutige Weltkriege provoziert hatten“, sagte der Politiker. ; []
Ich habe das alles noch nicht komplett durchgeplant." ; []
Neu können der Sportpass online verlängert und Einzeleintritte zu Hause ausgedruckt werden. ; []
Schließen Sie Belastungen durch Vorhaben wie die Regulierung der Werkverträge oder das Entgeltgleichheitsgesetz aus? ; []
Gabi Delgado emanzipiert sich endgültig von gängigen Erwartungshaltungen und liefert das mit Abstand komplexeste Werk seiner Karriere ab. Das Motto lautet: Sex & Drugs & Erdbeerkuchen! ; []
Da reichst Du mir hier den Flyer rein von der Fachtagung „Medienbildung in der frühen Kindheit – Förderung von Medienkompetenz in Kita, Hort und Grundschule“. ; []
Denn auf dem letzten Meter nutzen sie Wärmesensoren, mit denen die Insekten die Abstrahlung des Körpers wahrnehmen und genau auf besonders stark von Blut durchströmte Hautareale zusteuern. ; []
"Das wären menschenrechtsfreie Zonen, wenn man Leute an der Grenze festhält und im Schnellverfahren über ihr Asylgesuch entscheidet", sagte Geschäftsführer Günter Burkhardt am Freitag. ; []
Er wiederholt die Prozedur. ; []
Unterstützt werden eine Reihe von Diensten, Zugang gibt es unter anderem zu Servus TV und Netflix. ; []
Dann muss man schauen, ob es Reaktionen gibt. ; []
Die CVP verharrt auf ihrem Familienbild, das so klar auch nicht mehr ist.
Auch Maren muss dran glauben, doch die Ex-„Glücksrad“-Fee weiß zu sticheln: „Ist doch gut gelaufen, bist doch lange hier geblieben“. ; []
Hinzu kommt, dass sich Saudiarabien bewusst ist, dass der Einsatz von Bodentruppen ein grosses Risiko darstellt. ; []
Eine neue B-2-B-Plattform ist anders und vereint alle Fachrichtungen des Baugewerbes: baufinder.de. Als Präsentationsportal mit kostenlosen Firmenprofilen und als Suchmaschine, ist sie speziell für die Baubranche entwickelt worden.
Für die von der Staatssekretärin Marie-Gabrielle Ineichen-Fleisch angeführte Schweizer Delegation ist der Kompromiss, von welchem auch Kanada und Norwegen profitieren, aber "akzeptabel". ; []
Wir haben alle wichtigen Infos zum Spiel in der Video-Vorschau zusammengefasst. ; []
Die Redmonder testen den Dienst laut Aussagen des Microsoft-Managers Gabriel Aul im Gespräch mit der US-amerikanischen Webseite The Verge bislang allerdings nur in Seattle. ; []
Natürlich muss er auch kochen können. ; []
Erzrivale bietet auf Basis von über 470 Millionen Euro, unerwartetes Glück mit Kartellrecht. ; []
Mit dieser direkten Verbindung zu den Investmentprodukten sollte es möglich sein, auch Chancen und Risiken zu bewerten und einzuschätzen, welche Rendite man bei welchem Risiko erwarten kann. ; []
Wie die belgische Botschaft und der Bezirksrat Küssnacht kürzlich mitteilten, wird König Philippe am kommenden Samstag an der alljährlichen Gedenkfeier für Königin Astrid teilnehmen und einen Kranz für seine Grossmutter niederlegen. ; []
Bei der Schaffung von Flüchtlingsunterkünften arbeitet die Stadt regelmäßig mit der KEG zusammen. ; []
"Wenn jede der Läuferinnen ihr Leistungspotenzial abruft, wäre ich überglücklich", sagte Kriechbaum. ; []
Brasiliens früherer WM-Star Romário sagte, "irgendjemand musste sie eines Tages schließlich festnehmen". ; []
Darunter versteht man kurze, aber schnelle Schwingungen (Oszillationen) im Elektroenzephalogramm (EEG). ; []
Der Islamische Staat und die Türkei sind schlimmer als die Nazis“, glaubt mel3. ; []
Volkswagen hat der Untersuchungskommission der Bundesregierung und dem Kraftfahrtbundesamt (KBA) diese Ergebnisse vorgetragen. ; []
Rubens, Caroto, Pisanello, Andrea Mantegna - das Castellvecchio in Verona beherbergt eine der schönsten Gemäldegalerien Italiens. ; []
Über Lockheed Martin Lockheed Martin hat seinen Hauptsitz in Bethesda, Maryland, und ist ein weltweit tätiges Sicherheits- sowie Luft- und Raumfahrtunternehmen. ; []
Informationen zur Umfrage: Die repräsentative Emnid-Umfrage im Auftrag der Merlin Entertainments plc erfolgte zwischen dem 23. Juni und dem 9. Juli 2015 bei 1.020 Personen mit Kindern unter 14 Jahren im Haushalt. ; []
Zu sehen gab es verbogene Körper, zig Meter hoch gestapelte Stühle und geschickte Jonglage. ; []
Seine Entwickler haben intern möglicherweise einen anderen Namen benutzt, doch Casper hat durchaus etwas Geisterhaftes an sich. Das beginnt damit, dass er sich mit Hilfe zweier Zero-Day-Lücken im Flash-Player verbreitete. ; []
Sie finden den Dateimanager unter „Advanced ➞ File Manager“. ; []
Bis jetzt war ich dem ganzen gegenüber noch skeptisch, aber das klingt tatsächlich verlockend. ; []
Wir sind sehr zufrieden, aber das war nur das Qualifying. ; []
Das ist aktuell eher selten der Fall. ; []
Außerdem empfiehlt sie zu netzwerken, nicht nur innerhalb des eigenen Unternehmens, sondern gerade auch außerhalb. ; []
Das Gericht will am 2. Juni seine endgültige Entscheidung bekanntgeben.  ; []
"Die Arbeitgeber bekommen nun klare Vorgaben - und dies ist nicht mit einem "Mehr" an Verpflichtungen gleichzusetzen", sagte DGB-Vorstandsmitglied Annelie Buntenbach der Deutschen Presse-Agentur in Berlin. ; []
Abnehmen, Sport treiben und gesünder essen? ; []
Rafa ist ein Frauenheld wie er im Buche steht, bisher hat der attraktive Andalusier noch jede Frau herumbekommen. ; []
2,3 Prozent büssen die Aktien von Swatch ein. ; []
Zu dem Absturz kam es aus bisher ungeklärter Ursache im Nordwesten der Stadt. ; []
Derzeit fehlt es an allem. ; []
Nicht zuletzt handelt es sich in gewissen Maße um ein ökonomisches Dilemma. ; []
Nach Informationen des RND müssen alle Verbindungsstücke der Fuge zwischen Bahnhof und Brücke ausgetauscht werden. ; []
Das Clarity Fuel Cell wird zuerst in Japan erhältlich sein. ; []
Man muß klug sein, um zu erkennen, daß man manchmal ein bißchen doof ist. ; []
Fahrzeugteile von einem VW wurden vor Ort festgestellt. ; []
Canonical will mögliche Fehler bei der Lizenzierung aber beheben. ; []
Die Verdächtigen nutzten nach diesen Angaben Diplomatenpässen, geniessen jedoch keine diplomatische Immunität. ; []
Nach Angaben des Innenministeriums wurden die Angriffe in der Hauptstadt Duschanbe und der Stadt Wachdat vom ehemaligen Vizeverteidigungsminister Abduchalim Nasarsoda befehligt, den Präsident Emomali Rachmon kurz davor abgesetzt hatte. ; []
Die Familienunternehmer liefern über 50 verschiedene Brotspezialitäten mit Mehrfachnutzen in die Brotregale des deutschen und ausländischen Lebensmitteleinzelhandels. ; []
Dank des sowjetischen Frühwarnsystems würde er im Kriegsfall genügend Zeit bekommen, um sich von seinem Standort zu entfernen und eine Zerstörung durch gegnerische Raketen zu vermeiden.
Das letzte Mal, dass er ein Grand-Slam-Finale außerhalb von London erreichte, liegt mehr als vier Jahre zurück. ; []
«Jetzt schauen wir einmal für uns.» ; []
Das heißt, Google kann das auch, man muss nur die richtigen Suchbegriffe verwenden, die man an den Titel des Films, Albums oder Programms anfügt, schon findet man passende Downloadseiten. ; []
Mit diesem Thema beschäftigte sich auch sein Vortrag vergangene Woche an der Universität Zürich. ; []
Herr Chapman ist CEO und Mitbegründer von Alpha Pipe Inc. ("AlphaPipe") und hat sich als erfolgreiche Führungspersönlichkeit in der Fondsbranche bewährt. ; []
Sie ist aber auch nicht allzu bedeutend, da der Markt eh in einer Handelsspanne feststeckt", kommentierte David O'Malley, CEO von Penn Mutual Asset Management die Erholung im Handelsverlauf. ; []
Eine andere Frage hingegen ist das Timing, denn trotz bullischer Chancen muss dieses Szenario nicht jetzt sofort umgesetzt werden. ; []
Da fallen auch die sogenannten Teilzeit-Verbündeten wie Deutschland darunter. ; []
Commerzbank-Chefvolkswirt Jörg Krämer sprach von einem deutlich größeren Risiko, dass Griechenland den Euroraum verlassen müsse. ; []
In den kommenden Wochen möchte die Geschäftsführung das Papier bewerten und mit der Arbeitnehmervertretung Lösungen aushandeln. ; []
Im Gegensatz zu früher gingen junge Unternehmen heute aber aufgrund regulatorischer Vorschriften erst relativ spät und entsprechend «reif» an die Börse. ; []
Die Downloadgröße beträgt auf PS4 rund 4,6 Gigabyte, auf PS3 circa 1,6 Gigabyte. ; []
Er sagte, die „bedeutende Gegenoffensive“ werde „in den kommenden Wochen“ beginnen und diene dazu, die vom IS kontrollierten Gebiete zurückzuerobern. ; []
Vor dem Haus des Abgeordneten Sabo Garbu in dem Ort Potiskum ebenfalls im Nordosten des Landes sprengte sich ein Selbstmordattentäter in die Luft. ; []
Im dritten Quartal 2015 wuchs die US-Wirtschaft mit einer aufs Jahr hochgerechneten Rate von 1,5 Prozent, wie das Wirtschaftsministerium in Washington bekanntgab. ; []
Die kleine mobile Hilfe ist deshalb extrem wertvoll und leistet manchmal Dinge, die sonst vergessen gehen. ; []
Voraussetzung dafür ist, dass weder das empfohlene Finanzinstrument noch ein in gleicher Weise geeignetes Produkt ohne Provision erhältlich ist. ; []
Groß gefeiert wird nicht: "Man sollte nicht so viel über das Alter nachdenken, es führt zu nichts", sagte Ferry der Welt am Sonntag. ; []
Sie sind - wie auch der VfB - weder ins Kloster gegangen noch in ein Trainingslager. ; []
Wer bei der Lösung der drängenden Probleme in der Region vorankommen will, braucht konstruktive Beziehungen zu Saudi-Arabien“, sagte er. ; []
Das Weib zerrt noch an der sorgsam gefalteten Wanderkarte, da sagt er schon, wo‘s langgeht. ; []
Microsoft hat das Berliner Unternehmen Zebralog, Hersteller der quelloffenen Software OpenDoors, zum "Microsoft Open Source Partner 2015" gekürt. ; []
Der für die Aufklärung der Affäre zuständige Beamte Michael E. Horowitz erklärte, die DEA-Agenten hätten wissen müssen und ahnen können, woher das Geld für die Partys gekommen sei. ; []
Dass dieses Geschäft funktioniert, wundere ihn schon manchmal: „Ich verstehe nicht, dass so viele attraktive Frauen zu mir kommen, weil sie niemanden haben.“ ; []
Erster Frost zwingt eine Autofahrerin das Eis von der Windschutzscheibe ihres Wagens zu kratzen. ; []
Der von Dell Secureworks entdeckte Trojaner trägt deshalb auch den Namen Stegoloader. ; []
Den „Internationalen Tag gegen Homophobie“ gibt es seit 2005. ; []
Bis 2022 will der Konzern die Zahl auf 1000 mehr als verdoppeln. ; []
Die Lage schien sich zu beruhigen, nachdem die Sicherheitskräfte TV-Bildern zufolge Tränengas auf die Flüchtlinge abgefeuert hatten. ; []
Wie die Tageszeitung The Times Of India am 17. Februar berichtete, spielte sich dieser Fall unlängst im indischen Rampur ab. Dort sollte Jugal Kishore mit seiner Verlobten Indira vermählt werden.
Und: Auch nicht jede Mieze liebt Teies Katzenklänge. ; []
POL-HRO: Ergänzungsmeldung zum gestrigen Überfall auf eine Tankstelle in Tessin 27.06.2015 – 14:14 Rostock (ots) - Im Rahmen der weiteren Ermittlungen konnte eine Raubstraftat ausgeschlossen werden. ; []
Die Ablöse für den Offensivspieler, der bereits bei RB Salzburg mit Bayer-Coach Roger Schmidt zusammenarbeitete, soll demnach bei elf Millionen Euro liegen. ; []
Viele mittelständische Industrieunternehmen sollten dringend auf eine moderne und durchgängige Unternehmenssoftware umstellen, um nicht den Anschluss bei der Praxisumsetzung von Industrie 4.0 zu verpassen. ; []
Wien (OTS) - Jedes Jahr um den Jahreswechsel beenden hunderte Menschen Ihr Rauchen. ; []
Nötig seien "funktionierende digitale Ökosysteme" in allen Sektoren bis hin zur Landewirtschaft. ; []
Gefördert werden nach Angaben der Kommission insbesondere strategische Investitionen, zum Beispiel in Breitband- und Energienetze, sowie kleinere Unternehmen mit weniger als 3.000 Beschäftigten. ; []
Manche Experten halten daher das Vorgehen der Türkei für innenpolitisch motiviert und fürchten, dass das den Kampf gegen die Extremistenmiliz IS schwächen könnte. ; []
Dem Kunstrasen und den Organisatoren etwas direkt unterstellen mag kaum jemand. ; []
Das hat das Oberlandesgericht (OLG) entschieden. ; []
Nikolaus ist Seilermeister in vierter Generation. ; []
Der rote Teppich – Die Show vor der Show. Die Filmakademie wird den Abend nicht in allerbester Erinnerung halten. ; []
Ich freue mich schon auf viele interessante Begegnungen. ; []
Da sie sowieso einen neuen Browser wählen müssten, steige die Wahrscheinlichkeit, dass sie sich für einen anderen Browser entschieden. ; []
Das könnte langfristig verändern, wie wir Menschen Probleme lösen. ; []
Tilly könnte aber auch noch gar nichts zu allen Wagen sagen, weil er noch gar nicht genau weiß, wie die letzten Wagen aussehen werden. ; []
Die Aufgabe beim FC Bayern schüchtert ihn also nicht ein: "Ich freue mich darauf, ein neues Land mit vielen neuen Eindrücken kennen zu lernen", erklärte der in dieser Saison vereinslose Trainer. ; []
Na ja, wenn sie die AfD an solchen Vorbildern orientieren möchte, dann viel Vergnügen. ; []
Nicht umsonst hat die neue griechische Regierung direkt nach ihrem Amtsantritt sehr fragwürdige Signale an Russland in Sachen Ukraine-Krise ausgesandt, um zu zeigen, was mögliche Alternativen sind. ; []
Das quantitative Ziel bei den Förderflächen zur Biodiversität ist im Talgebiet bereits 2013 erreicht worden, wie Simon Hasler vom Bundesamt für Landwirtschaft (BLW) sagt. ; []
Deshalb beschlagnahmte die Staatsanwaltschaft Anfang Juni alle drei Motorfahrzeuge des Mannes, auch gestützt auf den Raserartikel. ; []
Vermutlich wird es erst nach der neuen Windows-Version erscheinen, recht wahrscheinlich also im August 2015. ; []
Neues Messner-Museum in Südtirol: Das ist ja die Höhe. Von Stephan Orth. Für Reinhold Messners neues Museum hat Stararchitektin Zaha Hadid den Fels aushöhlen lassen. ; []
"Activision Blizzard ist in der einzigartigen Position, Millionen von Fans rund um den Globus das bieten zu können, was sie wollen, und ich kann es gar nicht erwarten, diese Community zu unterstützen und ihrer Geschichte gerecht zu werden." ; []
Wie gefährlich sind Flughäfen in Städten? ; []
Zillner hatte Pech bei einem Schuss an den Außenpfosten (74.), Polak machte es aus der Distanz mit einem Linksschuss besser - 2:0! ; []
Wir haben bei Münchner Ateliers und bayerischen Traditionskaufhäusern nachgefragt. ; []
Wo kam der Rohstoff für den Käse her? ; []
Das Betriebsergebnis (EBIT) war zwar mit 9,5 Mio. Euro weiter negativ, im Geschäftsjahr 2013/14 betrug der Verlust noch 24,2 Mio. Euro. ; []
Während auf den Autobahnen immer öfter Lkw im Stau stehen, kommt der Güterverkehr der Bahn nicht aus der Krise. ; []
Das einzige ist die Temperatur des Asphalts, die nachts geringer ist. ; []
Damit zog er die Konsequenzen aus der vor wenigen Tagen bekannt gewordenen Manipulation von Abgaswerten bei Tests in den USA. ; []
So oder so, der Offensivmann stellt klar: „Wir werden uns bald in Ruhe hinsetzen und eine Lösung finden, mit der alle leben können – der HSV und ich.“ ; []
Insgesamt wurden im November Waren im Wert von 95,8 Milliarden Euro exportiert. ; []
Anfang der Woche sorgte eine unglaubliche Nachricht für Aufsehen: Auf dem Flughafen von Malaysias Hauptstadt Kuala Lumpur stehen drei herrenlose Boeing-Maschinen herum. ; []
Am 12. März 2012 entdeckten Amateurastronomen die Rauch- oder Dampffahnen an der Südhalbkugel des Roten Planeten. ; []
«Es geht um die Sicherheit dieser Stadt und der Menschen», sagte er. ; []
Ihre Arbeiterrechte - und ihre Menschenrechte - sollen, müssen und werden respektiert werden. ; []
Es sind heuer um 152 Prozent mehr als im Vergleichszeitraum des Vorjahres. ; []
Warum es den nicht längst gibt? ; []
Nach Angaben des Verbandes russischer Reiseunternehmen wurden russische Bürger bei dem Überfall nicht betroffen. ; []
Glauben Sie wirklich, dass sich ein potenzieller Terrorist, der bereit ist zu sterben, an einer Einreise hindern lässt? ; []
Nach fast fünf Jahren mit bitteren Entbehrungen müssen die Griechen an diesem Sonntag entscheiden, wie es in dem Krisenland weitergehen soll. ; []
Was wiederum aussagt, dass den meisten geneigten Käufern die Steam-Anbindung kaum stört. ; []
Darauf weist Fin Mohaupt von der Handelskammer Hamburg hin. ; []
Die Haupttäterin soll im gleichen Alter sein, trägt ihre dunklen Haare schulterlang und hat einen recht großen Leberfleck auf einer Wange. ; []
Mehr als vier Millionen Menschen sind auf der Flucht vor dem Bürgerkrieg in Syrien. ; []
So erzählt Young es in seinem Buch "Marschpulver" und im Gespräch am Telefon, rund 15 Jahre nach seinem Ausflug ins Gefängnis. ; []
Es gibt erste Fragen zur Strategie der belgischen Behörden, eine ganze Stadt wegen der Terrorgefahr lahmzulegen. ; []
Das Gründertrio von Hassle.com wird Managementaufgaben im gemeinsamen Unternehmen bekommen. ; []
Die einzigen, die das begreifen, sind Franz Beckenbauer und Wladimir Putin, zwei Männer, die sich auch unglaublichen Verleumdungen ausgesetzt sehen. ; []
Die Hamburger treten zum Abschluss des 18. Spieltages bei Arminia Bielefeld an. ; []
SC-Trainer Christian Streich reagierte mit leichtem Sarkasmus auf die Niederlage seines Teams. ; []



 







