Input;Output
An Energy Department spokesman says the sulfur dioxide might be simultaneously recoverable through the use of powdered limestone, which tends to absorb the sulfur.;[]
The yellow beta carotene pigment absorbs blue (not yellow) laser light.;[]
Vitamins could be passed right out of the body without being absorbed, he says.;[]
New Pig Corp., Tipton, Pa., offers a hot-dog-shaped sponge that absorbs polluting liquids around factory machines.;[]
Mr. Gallas says he began looking into melanin about five years ago when he was working on solar energy and was looking for materials that absorb sunlight.;[]
As a result, total investment from all sources, domestic and foreign, of about 16% of gross national product is still way short of the 25% analysts believe is needed to absorb a fast-expanding labor force.;[]
The Monitor's losses are absorbed by the church's working fund.;[]
Most of these losses must be absorbed by the FSLIC, the industry's insurer, analysts said.;[]
Employees who don't move to the rival's factory in Chicago probably will be absorbed by Bally's growing fitness-equipment manufacturing businesses.;[]
It had been long assumed that the agency wouldn't act until late on a Friday afternoon in order to give market participants a weekend to absorb the news.;[]
Their Northern European ancestors had to adapt to a climate where sunny days were few and short and it was important for the skin to absorb sunlight to produce vitamin D.;[]
"Mr. Thunberg of Ried Thunberg said the Fed has ""aggressively"" absorbed reserves over each of the past three days.";[]
On Tuesday, AIDS demonstrators assaulted the headquarters building of the Food and Drug Administration outside Washington.;[]
At least six people were assaulted.;[]
Opponents assaulted the demonstrators with rocks, dirty dishwater and racial epithets.;[]
Mr. Tyson has denied that he tried to kill himself and that he assaulted his wife.;[]
He was detained on June 23, and for two weeks he was regularly assaulted by South African police.;[]
She says six white men, including one wearing a police badge, kidnapped, beat and sexually assaulted her.;[]
John Gil, a San Diego landlord, and Mike Black, an apartment manager, were sued in state Superior Court in San Diego by a tenant who was assaulted by a pet monkey owned by two other renters.;[]
Last year, the NRA ran a newspaper ad featuring a harrowing photo of a frightened woman and asserting that a 20-year-old American woman has a 72% chance of being raped, robbed, or assaulted in her lifetime.;[]
In December 1987 he had told Eric Schwartz of Asiawatch, the same organization represented by Jerome Cohen, that the three detainees, namely Lim Li Kok, Wong Souk Yee, and William Yap, whom I interviewed had said that they were not assaulted.;[]
Mr. LaFree noted that the sentencing disparities were substantial: Black men accused of assaulting black women accounted for 45% of all reported cases, but for only 26% of all men sentenced to the state penitentiary and for only 17% of all men who received sentences of six or more years.;[]
Opponents assaulted the demonstrators with rocks, dirty dishwater, and racial epithets.;[]
In June 1987 he had told Udo Janz of Amnesty International that I was allowed to interview the detainees and they had told me that they were not assaulted.;[]
Prince Norodom Sihanouk, the former Cambodian leader, said this week he was withdrawing from the resistance because the Khmer Rouge continues to attack his forces along the Thai-Cambodia border.;[]
The ship hadn't attacked U.S.-flag vessels or been involved in mine-laying.;[]
His antics once provoked an elderly ruling-party legislator to attack him with a cane.;[]
Pakistani cheating could prompt Moscow to declare the accords void or to attack Afghan-resistance camps in Pakistan.;[]
"If not attacking Mr. Dukakis, his speeches—which end with a ""God Bless You""—have a dreamy, inspirational flair that seems to satisfy many voters younger than himself.";[]
Indian forces attacked Tamil rebel camps in northern Sri Lanka, killing as many as 30 insurgents and 10 soldiers, officials in Colombo said.;[]
One sure sign has reappeared to attest that the interests of the United States must be taking a turn for the good in El Salvador: The country is being attacked.;[]
Steve: Didn't George Bush get attacked by one of his own dogs?;[]
Israeli soldiers attacked a group of Arab guerrillas who had entered Israel from Lebanon, and two soldiers and three guerrillas were killed.;[]
On Friday, Commander Abdul Haq's troops attacked Kabul Airport with new Sacher incendiary rockets.;[]
Rebels said they would attack Jalalabad as soon as the Red Army leaves.;[]
"He wants the world to understand that the real Korean ""miracle"" has been its ability to survive over 5,000 years as an independent country without attacking its neighbors.";[]
When radicals besieged his hotel while he was visiting Seoul last week, he promised them he would make yet another effort to play up to North Korea—by renewing the offer to let the North host several Olympic events.;[]
Thousands of Chinese soccer fans battled police and besieged a rival team's hotel during a riot Monday night.;[]
Budgetary gridlock split their tickets from the presidential line to the House line because they know who the...;[]
In 1347, Mongols besieging the Black Sea port of Caffa began to sicken and die from the plague.;[]
The picture painted in the annual report shows one of the nation’s largest banking corporations besieged by problems that it seems unable to control.;[]
First RepublicBank, besieged with rumors about a possible failure or takeover, said it wouldn't have any comment on the FDIC's activity.;[]
LAW SCHOOLS are besieged by applicants, after a five-year slump.;[]
The last time China tried to cool its economy, in 1985 and 1986, foreign exporters and investors suffered.;[]
Company officials couldn't be reached for elaboration, but Gary P. Smaby, who follows the industry for Needham & Co., said he understood that cooling problems had developed that could delay delivery of the machine.;[]
Zero makes cases, cabinets, and cooling equipment for the electronics industry and industrial and consumer use.;[]
For an auto, Mr. Loehrke envisions the warm end of the pipe heated by the radiator and the condenser end cooled by the outside air.;[]
Then again, other gases might cause a lot of clouds to form, blocking sunlight and cooling things off.;[]
"They can generate such heat they need cooling fans; trunk-mounting avoids turning the passenger compartment into a blast furnace.";[]
Japanese companies already are at the forefront of development of an older generation of superconductors, those that have to be cooled almost to absolute zero.;[]
A front is then expected to move in, but it will cool temperatures only slightly, to 40 to 50 degrees.;[]
Those pumps are used to inject cooling water into the reactor vessel.;[]
Home here is a 12-by-15-foot room, cooled by two portable fans and crowded with three beds and boxes of clothes.;[]
Japan’s ship designs use traditional superconductors: metal-alloys that must be cooled with expensive liquid helium to minus 269 degrees Celsius.;[]
The forecasts indicate auto planners no longer fear that 1989 will bring a recession or that interest rate increases will cool consumer spending.;[]
The picture spans the quarter-century between the mid-'50s and the early '80s, which gives Ms. Lange the chance to frequently change her hair style, to wear a variety of clothes and to dance the Twist.;[]
The stock market collapse destroyed the buyer's financing plans for purchasing the Rheem Manufacturing Co. unit.;[]
Incinerator temperatures destroy the mineral at high degrees Celsius.;[]
Police destroyed the homes of suspected activists during raids in Arab villages.;[]
A fire destroyed one of its Mexican plants, impacting R.G. Barry Corp.'s projected sales.;[]
A virus destroyed information, a program hidden in normal computer software that changes or destroys information at a given time.;[]
The fire destroyed American Pacific Corp.'s vitamin, mineral, and supplement products manufacturing plant.;[]
Tornadoes spawned by Tropical Storm Chris destroyed mobile homes and caused at least one death in the Carolinas.;[]
The explosion destroyed hopes of near-term commercial space travel following the Space Shuttle Challenger disaster.;[]
Israeli warplanes destroyed a PLO base in a deep air raid into Lebanon.;[]
The agreement to phase out chlorofluorocarbons (CFCs) destroy the Earth's protective ozone layer, marking a voluntary decision by the industry.;[]
Fire destroyed the only plant producing rocket fuel for SS-24 intercontinental missiles, as claimed by U.S. officials.;[]
A computer program destroyed data stored in computers at NASA and other U.S. agencies over a five-month period.;[]
In theory, the new technique should dissolve blood clots with less risk of bleeding occurring in other parts of the body, as can happen with current clot dissolvers.;[]
Although some research indicates that Activase can dissolve clots faster than streptokinase, there isn’t any published research showing that the Genentech product can increase survival but such research may be available soon.;[]
The Medical Letter, a respected nonprofit publication that evaluates the effectiveness of drugs for doctors, concluded that Actigall can dissolve gallstones in only about half of patients.;[]
The solvent failed to dissolve non-cholesterol gallstones in two patients, however.;[]
A few aspirin facts: Aspirin tablets take up to 20 minutes to dissolve in your stomach.;[]
The newest report is the latest in a slew of recent research that has made it increasingly difficult to compare the clot-dissolving agents.;[]
Gallstones in seven patients were rapidly dissolved without major surgery by a University of Connecticut researcher.;[]
SmithKline, based in Philadelphia, said it plans to refocus its research related to TPA—or tissue plasminogen activator—on “second generation” products that are designed to dissolve blood clots involved in heart attacks and other vascular problems.;[]
Here are the sentences you requested without numbers at the beginning and without the square brackets removed within the sentences:;[]
The solvent, methyl tert-butyl ether, has been known for some time to dissolve gallstones but hasn’t been widely used because it had to be pumped into the gallbladder by a hand syringe for several hours while the patient was under general anesthesia.;[]
Eminase is given as a single injection over four to five minutes, but appears to dissolve blood clots effectively for several hours.;[]
The devices, whose development a few years ago was hailed as a revolution in medical care, enable doctors to dissolve kidney stones with shock waves.;[]
The gallstones were dissolved by a solvent flushed through the gallbladder at high speed by a new computer-controlled pump, the university’s health center in Farmington announced.;[]
The solvent dissolves the blood clot.;[]
The new technique can dissolve gallstones in anywhere from a few minutes to six hours depending on the number and size of the stones, the university said.;[]
The solvent failed to dissolve non-cholesterol gallstones in two patients, however.;[]
The new technique can dissolve gallstones in anywhere from a few minutes to six hours depending on the number and size of the stones, the university said.;[]
The gallstones were dissolved by a solvent flushed through the gallbladder at high speed by a new computer-controlled pump, the university’s health center in Farmington announced.;[]
Actigall could be used to dissolve the fragments that remain from that procedure.;[]
The drug is designed to dissolve blood clots.;[]
Aspirin tablets take up to 20 minutes to dissolve in your stomach.;[]
Last week, though, some of them were dragged off a train and prevented from traveling to Moscow to meet with President Reagan.;[]
Last September, 22-year-old Kimberly Isaac of Baton Rouge, La., was badly scraped over a large part of her body when a 1977 LTD she had just parked in a grocery-store lot backed up, knocking her over and dragging her in circles.;[]
That hardly allays the fears of the Democratic middle-road and conservative Democrats that Mr. Jackson will drag the party to the edge of disaster.;[]
Before there was much time for further decorating, the lady was dragged off to the guillotine.;[]
Some analysts say West Germany might increase its interest rates and drag British base rates higher as well.;[]
After burying the eggs in the sand, it dragged its body back and forth across the beach until it had eliminated any clues to the nest's location.;[]
Splashed across local papers was the picture of two burly federal marshals dragging a small woman through the car's broken window.;[]
"Exhausted by my efforts, I paused a moment in a shell-hole; in a few seconds I felt myself sinking, and struggle as I might I was sucked down until I was firmly gripped round the waist and still being dragged in.";[]
As I drank water and ate for the first time in two days, my determination to continue the opposition crusade was strengthened.;[]
The upper classes do not take food or water from them nor sit, eat or drink with them.;[]
It happens every year, says Dusty Saunders of the Rocky Mountain News, in Denver: Reporters put in long and weary days on the tour only to have their editors spot them drinking beer with a starlet on TV.;[]
It is impolite to drink less than three glasses and, after the third, it is generally impolite for guests to linger.;[]
The trick is that it is midnight, and the ban on eating, smoking, having sex, and even drinking water applies only to the daylight hours.;[]
You should drink a full eight ounces of water with your tablets.;[]
"In another, they pondered why an observer was ""touched"" by the sight of a woman who took a cup from a fountain, drank water from it, and then rinsed it out.";[]
Mr. Andrews ate rancid mutton fat and drank mare's milk in the Gobi with the best and worst of them.;[]
Now, to persuade more men to drink diet Coke, Coca-Cola Co. is enlisting professional football players.;[]
So the kids gave Mom a watch, said a couple of nice things, and drank a retirement toast in her honor.;[]
Southerners drank more alcoholic beverages than residents of any other U.S. region last year, and households with incomes above $35,000 drank more than any other income group, a study found.;[]
"F.W. Christian, a traveler and writer of the 19th century, said that, after drinking sakau, ""the head remains clear but the legs sometime suffer a temporary paralysis.""";[]
Among those who drink alcoholic beverages worldwide, 8% consume daily amounts that are damaging to their health and to society.;[]
But when the rangers drove the girls to the ranger station, the unattended youth sped away, drank heavily, and 10 hours later smashed into a motorcyclist.;[]
"Seated in the bar of the Member's Club—horse-racing prints on the wall, piano tinkling softly, ladies from the Jewish Community Club gathering for luncheon—Mr. Redmond is astonished to be told that Venezuelans now drink more ""national whiskey"" than 12-year-old scotch.";[]
But in general, Venezuelans traditionally drank 12-year-old scotch such as Johnnie Walker Black Label that never accounted for more than 6% of the U.S. market.;[]
But when the rangers drove the girls to the ranger station, the unattended youth sped away, drank heavily, and 10 hours later smashed into a motorcyclist.;[]
"F.W. Christian, a traveler and writer of the 19th century, said that, after drinking sakau, ""the head remains clear but the legs sometime suffer a temporary paralysis.""";[]
"""Real men,"" Mr. Holley says, ""do drink beer without alcohol.""";[]
Baby hilariously escapes disaster, over and over, as the camera whips around at a hyperanimated pace.;[]
Engineers intend to introduce deliberate flaws into two of the motor's joints to prove that even with these defects, the redesigned motor has enough safety features to ensure that hot gases won't escape from it.;[]
"The leader of a failed coup in August, who escaped from a Manila prison Saturday, called on his supporters in the military to ""act and act boldly.""";[]
All of this took the extraordinary patience and determination of a man who escaped from a German prison camp on his third try and was elected president, also on his third try, after 23 years in opposition.;[]
The escaped convict's name is not Willie Horton, but Joseph Subilosky.;[]
He escaped with only minor cuts.;[]
Last summer, escaping an unwanted takeover, USG effected a leveraged recapitalization.;[]
Fortunately for life on Earth, the nitrogen-oxygen atmosphere is relatively transparent to the long infrared waves coming off the sidewalks, soil, and oceans, allowing the day's solar heat to slowly escape to space.;[]
Frightened, I tried to escape this hybrid of Samir and Othman, but the faster I ran, the faster it pursued me.;[]
Mr. Cossa's grain bin may be filling up, but just last month another 100 peasants -- looking for food and security -- moved into the village to escape the fighting.;[]
For the standard “pap” smear, a technician examines the cells on the swab for visual evidence of abnormalities.;[]
They should examine their systems, especially personal computers, to make sure that only authorized programs can be used.;[]
The researchers called in healthy members of the Mormon family with the cancer clustering and examined them with a fiber optic device.;[]
Mr. McKenzie alleged that the parliamentary committee examining the language bill refused to hear testimony from opponents.;[]
France will examine these proposals closely and intends to put forward her own proposals.;[]
Dr. Kinlen examined leukemia deaths from a U.S. study that had tracked veterans’ smoking.;[]
He has closely examined the works of Hieronymus Bosch, but their crowded worlds of paradise yielded few medical rewards.;[]
Prompted by news reports of alleged misappropriation of funds, the SEC visited the firm’s headquarters with the intention to examine business records.;[]
Enlarged transparencies of drawings that are lit from behind are hard to examine closely.;[]
Jan Workinger emerges from American Airlines Flight 115 and examines the faces around Gate 25.;[]
In Kindred 1002 alone, the scientists have examined 350 members.;[]
For the second study, researchers will examine policies that could lessen concentrations of gases contributing to global warming.;[]
Mr. Cossa's grain bin may be filling up, but just last month another 100 peasants moved into the village to escape the fighting.;[]
The regional carrier said load factor, or the percentage of available seats filled, decreased to 43% from 44%.;[]
Passenger loads, the number of seats filled per plane, increased to 58.8% from 56.1%.;[]
The airline said its January load factor, or the percentage of available seats filled, fell to 49.3% from 52.8%.;[]
The courts of appeals are filled with able judges of a moderate to conservative stripe.;[]
Allen J. Krowe leaves his job as executive vice president and a director of IBM to fill the positions at Texaco currently held by Richard G. Brinkman.;[]
Wynfred Joshua of the Defense Intelligence Agency says that if the U.S. does not seize the opportunity to engage the Iranians, the Soviet Union will fill the void.;[]
Merrill O. Burns was named a director of this utility, filling a vacancy.;[]
The load factor, or percentage of seats filled, for the month declined to 54.6% from 55.7% a year earlier.;[]
Passenger loads, the number of seats filled per plane, increased to 58.8% from 56.1%.;[]
They said the agency's enforcement division examined suspicious trading with total potential profit of more than $1 million in the May 1986 takeover of Sperry by Burroughs. Filled with questions, investors sought answers.;[]
"Ford will recall 103,000 1986 Aerostar, Bronco II, and Ranger SuperCab vehicles to fix an electrical problem.""";[]
"""She demanded that he send an engineer to fix it.""";[]
"""So, a few months ago he paid the equivalent of about $800 to get his nose fixed.""";[]
"""Currently, the company is fixing only 200 to 300 units a day, far below TRW’s goal of 2,000 units a day.""";[]
"""BMW of North America Inc. and Chrysler Corp. are recalling a total of 22,000 cars in California to fix faulty anti-smog devices.""";[]
"""Pillsbury itself recently has been making a more dedicated effort to fix Burger King.""";[]
Mechanics have stripped one airworthy helicopter down to its skeleton for parts to fix three others.;[]
The airline simply fixed the problem by moving the flight to another departure gate.;[]
The U.S. sales arm of Honda Motor Co. of Japan said it is recalling approximately 66,000 Honda Prelude cars to fix a defect that could cause smoke or fire under the hood.;[]
"""Automatic transmissions of all makes are sometimes mis-shifted by careless drivers, it says, adding that its later models weren’t fixed, just refined.""";[]
Mr. Teets said, 'If it isn’t working, we’ll fix it.';[]
Ford called the ambulances back again because it said it found a better method to fix the problem.;[]
The court has been flooded with briefs by manufacturers and the insurance industry, which argue for limits on liability and damages.;[]
Most of the land will be flooded when the project is finished.;[]
If the area were flooded, these mud-embedded bombs might loosen and float to the surface.;[]
Refugees from Romania have been flooding into Hungary by the thousands.;[]
Researchers at the University of Illinois, which Mr. Harvey said may have found a chemical that prevents the disease, were also flooded with phone calls.;[]
When it recently placed an advertisement in a local newspaper for several engineering jobs, it was flooded with 700 applicants.;[]
Supermarket chains aren't willing to pay much for beef because they’ve been flooded with cheap poultry.;[]
The vice president's confrontation with Mr. Rather also has raised further questions about the media's performance this political season, as CBS and its affiliates were flooded with phone calls, mostly critical of Mr. Rather.;[]
The Tenneco sale, expected to reap $5 billion to $7 billion, may have hurt Enron's auction by flooding a market in which there already were a large number of properties for sale.;[]
Tempers flared even more after China State's early efforts to dig ponds flooded residents' yards.;[]
Ronald Simmons, the board's president, said the meeting was scheduled because the board has been flooded with phone calls for several weeks about rumors of a sweeping IBM cut of the Boca Raton work force.;[]
Honduras, meanwhile, says it fears hundreds of thousands of Nicaraguan refugees flooding its country.;[]
One morning, he finds that the staff was able to turn back young fans trying to get up to Mick Jagger's suite and that a pipe broke and flooded room 928, which luckily was unoccupied.;[]
And they didn't just grab the clothes, they were trained to grab the flesh.;[]
At one point, the shark disappears, then roars up from the deep to snatch a big chunk of horsemeat on the surface, the way it might grab an unsuspecting sea lion.;[]
His one spectacular crime came in the wee hours of Aug. 8, 1963, his 34th birthday, when he and his pals grabbed 120 sacks of well-worn bank notes being sent to London for pulping.;[]
One also-ran, Naruemol Sillapee, grabbed the tiara from newly crowned Saengravi Wanwilai's coiffure, and clapped it on the curls of first runner-up Duangduan Chithaisong.;[]
Huber prefers local cuisine—wandering through the stalls in South Korean streets and grabbing a dish of this or that.;[]
Suddenly, he jumps off the stage and grabs a woman from the audience to dance with him.;[]
He grabs the rubber chicken by the legs.;[]
About 20 group members who sought to hand out leaflets or address a large crowd in Pushkin Square were immediately grabbed and bundled off into unmarked police vans.;[]
She grabbed hold of his shirt, led him off the bus, and handed him over to a security officer inside the bus station.;[]
"The leg of a corpse was sticking out of the side, and frantically I grabbed it; it wrenched off, and casting it down I pulled in a couple of rifles and yelled to the troops in the gunpit to throw me more.";[]
Smart opponents try to do one of two things about this weapon: grab the hand to deflect it, and tuck their heads so that if the blow does land, it hits their helmets.;[]
"When the first German-language edition of Moscow News went on sale in April, customers grabbed 120,000 copies; the publisher had to rush out extra printings.";[]
And after 70 years of socialism, it is taking time for Soviet officials to grasp basic capitalist ideas, like profit and marketing.;[]
I punch my fist in the air, 'Rocky'-style, to indicate that I have grasped the concept.;[]
But he grasped the potential of putting the two together.;[]
It's very ambitious—and for the man on the street, not easy to grasp.;[]
There are truths of which we shall remain unaware forever because we do not have the intelligence to grasp them.;[]
Instead of grasping the nettle, Mr. Bush seems to be deemphasizing the item veto.;[]
It is taking time for Soviet officials to grasp basic capitalist ideas, like profit and marketing, that are essential for the ventures' success.;[]
Its upper tendrils were grasping the air, as if seeking an atmospheric foothold.;[]
He grasped the potential of putting the two together.;[]
With cellular phones in particular, Mr. Moran said, 'I don't think the investment community grasps the magnitude of the growth in that industry.';[]
The easiest way for Mr. Bush to grasp this problem is simply to look at his boss.;[]
These interludes show Asta kicking her heels while bicycling in the country, splish-splashing merrily in a pond.;[]
The more today's candidates compare themselves to the little gamecock who scattered S.O.B.s like shrapnel and threatened to kick a journalist in his most tender parts.;[]
When he kicks the pipe holding water back from Milagro, the water floods his dying bean field.;[]
"Meetings degenerated into shouting matches; after one, a copywriter kicked a hole in a wall.";[]
He beat little girls, kicked captive prisoners in the face, and collaborated in the murder of civilians, including 44 Jewish children who tried to hide in the village of Izieu.;[]
The policeman then kicked Mr. Hauke's legs out from under him, Mr. Hauke says.;[]
Next year, it will be simple: If you smoke, you'll be kicked out.;[]
Angels outfielder Chili Davis dislocated a toe when he kicked a chair after popping out in a June 26 home game against Milwaukee.;[]
Most-Remarkable Injury—Angels outfielder Chili Davis dislocated a toe when he kicked a chair after popping out in a June 26 home game against Milwaukee.;[]
And Mr. Hauke walks with a decided limp now, the result, he says, of being kicked by the police.;[]
His legislative tactics include ripping microphones off the speaker's desk to prevent his calling a vote, jumping on desks to kick away piles of paper recording offensive legislation.;[]
As Japanese companies reduce domestic production, the burden of their fixed costs increases—even faster than in the U.S. because the Japanese rarely lay off employees.;[]
Stanford Prof. Ronald McKinnon and most supply-side economists have argued that fixing the exchange rate at the long-run PPP level will result in stable long-run prices.;[]
Currently, the company is fixing only 200 to 300 units a day, far below TRW's goal of 2,000 units a day.;[]
The jump in rates in the bond market last week means many lenders will increase fixed mortgage rates further this week.;[]
These grants are the public finance equivalent of a lottery for state and local governments that continually fix the odds in their favor of obtaining one.;[]
The U.S. sales arm of Honda Motor Co. of Japan said it is recalling approximately 66,000 Honda Prelude cars to fix a defect that could cause smoke or fire under the hood.;[]
The company didn't fix the problems fast enough.;[]
The utility has since temporarily fixed the malfunction by ventilating the system more frequently, and has promised to make a permanent repair, he added.;[]
Suddenly, he jumps off the stage and grabs a woman from the audience to dance with him.;[]
His legislative tactics include ripping microphones off the speaker's desk to prevent his calling a vote, jumping on desks to kick away piles of paper recording offensive legislation and rolling on the floor in shoving matches with KMT opponents.;[]
Republicans expect Mr. Bush to emulate the Reagan themes of patriotism and military strength—or, as 41-year-old Charles Murdock puts it, to keep kicking the dog and waving the flag.;[]
C-Span's call-in shows had a separate number for international calls, and the signal was being kicked back to Europe via satellite.;[]
"""I thought I did a good job and got her home,"" Dr. Gardner says, ""and they turn around and kick me in the teeth.""";[]
It's no longer mandatory that Indiana patronage employees kick back 2% of their salaries to their political party.;[]
"These interludes show Asta kicking her heels while bicycling in the country, splish-splashing merrily in a pond; they have the emotional depth of a Tampax commercial, which they resemble.";[]
The A's won Monday's opener, 3-2, on a Henderson home run in the 14th inning, but were upstaged by Team Turmoil's manager, Billy Martin, who;[]
Top of Form;[]
New Pig Corp., Tipton, Pa., offers a hot-dog-shaped sponge that absorbs polluting liquids around factory machines.;[]
This time, the ground absorbed the shock waves enough to transfer her images to the metal in bas-relief.;[]
"As Eliot wrote: ""In a warm haze, the sultry light is absorbed, not refracted, by grey stone..."" and flowers do indeed ""sleep in empty silence.""";[]
New Pig Corp., Tipton, Pa., offers a hot-dog-shaped sponge that absorbs polluting liquids around factory machines.;[]
Mr. Gallas says he began looking into melanin about five years ago when he was working on solar energy and was looking for materials that absorb sunlight.;[]
Insects begin attacking the snags almost immediately after a fire, and the charred trunks are likely to be toppled by the wind.;[]
Prince Norodom Sihanouk, the former Cambodian leader, said this week he was withdrawing from the resistance because the Khmer Rouge continues to attack his forces along the Thai-Cambodia border.;[]
Phalanx can be overwhelmed when a ship is attacked by several missiles at once (the Stark was struck by two Exocets).;[]
The administration tried again in mid-1987, suspending military and economic aid to Panama after rioters, led by some government officials, attacked the American Embassy in Panama City.;[]
Here in Masaya, supporters of a group known as the Mothers of Political Prisoners were brutally attacked by turbas in a well-documented incident in March.;[]
The point of this review is not necessarily to let off the Eritreans, who have recently come under deservedly strong criticism for attacking two food convoys, but to demonstrate how famine in northern Ethiopia is part of something much broader and more complex than drought.;[]
These Protestants retaliate by physically attacking Catholics, Mr. Donnelly says.;[]
Next, a member of his audience, attired in a garment resembling the flag, attacked him.;[]
Heavy water is used to control and cool the reaction of small research reactors.;[]
The revolutionary gallium arsenide circuits used in a forthcoming model, the Cray-3, experienced cooling problems that resulted in millions of dollars of added costs.;[]
Home here is a 12-by-15-foot room, cooled by two portable fans and crowded with three beds and boxes of clothes.;[]
A front is then expected to move in but it will cool temperatures only slightly, to 40 to 50 degrees.;[]
You have to destroy another human being, Mr. Espinosa says.;[]
Soybean seed sales skidded last spring in South Carolina, and dealers were forced to destroy tens of thousands of bags.;[]
Horace Furumoto, chairman and chief executive officer, said the company recently has completed its first phase as a public company, which included the development of lasers for removing birthmarks and for destroying kidney stones without surgery.;[]
R.G. Barry Corp. said that fire destroyed one of its Mexican plants and that as a result projected 1988 sales are expected to be reduced 3% to 4%. Tropical storm Chris spawned tornadoes that damaged houses, destroyed mobile homes, and caused at least one death in the Carolinas before gradually weakening.;[]
This is also true, I believe, with respect to the famous Buddhist university at Nalanda, India, which too was destroyed by the Moslem hordes, who had no respect for others' learning.;[]
But as most of those certificates are destroyed in favor of computer records, the investor who requests a certificate will have to wait until it's delivered by the city or state that issued the bond.;[]
Last year, Mexico claimed that the equivalent of 6,200 acres of poppies were destroyed, up from 5,900 acres the previous year.;[]
And Mr. Gorbachev's proposal to remove aircraft—which easily can fly back to Central Europe during a crisis—would be meaningless unless they are destroyed, Mr. Chalmers says.;[]
Nevertheless, petroleum markets remain stubbornly soft despite recurring signals of a possible turnaround, including major gains in petroleum demand and supply interruptions, such as last week's explosion that destroyed the Piper Alpha platform in the North Sea.;[]
They destroyed 450,000 acres of sugar beets and other crops.;[]
Mr. Hudson didn't provide any details about who destroyed documents, how they were destroyed, or how they might have been related to the investigation.;[]
So in February 1985, three years after her paintings were destroyed, Ms. Smith sued Chase in a New York civil court for $25,000.;[]
The treaty requires that the Army's 420 Pershing missiles be destroyed.;[]
Furthermore, records that were supposed to be destroyed sometimes aren't, and they, too, occasionally surface.;[]
The department maintained that fighter aircraft, for example, must be fast enough and maneuverable enough to evade and destroy enemy aircraft.;[]
He arrived in the U.S. last month after bulldozers and jackhammers destroyed his 80-year-old house in central Bucharest.;[]
The agreement, to be announced today, marks the first time an industry using chlorofluorocarbons, or CFCs, has voluntarily decided to phase out the chemicals because they can destroy the Earth's protective ozone layer.;[]
Once the people move, these houses will be destroyed.;[]
This was not the first occasion when Sandinistas have pursued Contras across an ill-defined frontier and sought to destroy the Contra base.;[]
BMW of North America Inc. and Chrysler Corp. are recalling a total of 22,000 cars in California to fix faulty anti-smog devices, according to California officials.;[]
Most of the land will be flooded when the project is finished.;[]
"As the Army pressed Oshkosh to fix the trucks, says Col. Ronald Cundrick, an Army lawyer, ""we had them stacked all over the place.""";[]
This approach is just one of several being weighed to fix the small leak on the launch pad and avoid rolling Discovery back to a hangar for repairs, which could delay the planned early September launch by as much as two months.;[]
One of the funniest scenes in the play comes near the end, when Frank visits Sylvester's apartment to fix a leak in the ceiling.;[]
Less fortunate are cotton growers in Chinandega, ranchers near Leon, and other private producers who must operate in the government-controlled formal economy that is ensnared in the red tape of paperwork, acreage allotments, distribution regulations, and fixed prices.;[]
"We certainly do not need price limits; Washington won't be any better at fixing stock prices than it was at fixing gasoline prices.";[]
You could change husbands, but not the situation, she thinks as she examines snack foods.;[]
Then, examining supervisors' performance ratings of managers and professionals in a large manufacturing company, they found the married men consistently drawing higher performance ratings than comparable single men and far more likely to be promoted into higher paying jobs.;[]
About 100,000 Kurds—a people not previously known for running—have fled across the border to Turkey to escape the onslaught.;[]
At the scene of the crash, survivors said they were able to escape the plane by crawling out at a split in the fuselage and by going through an emergency exit over the wing.;[]
In addition to warning pilots when they hit unexpected, low-altitude wind shear, the new required equipment will provide the crew with computer-generated instructions on the best path to take to escape the wind shear.;[]
The pores permit carbon dioxide released by the respiring produce to escape the package, while allowing only small amounts of oxygen to enter. (Air is 21% oxygen.);[]
On Friday, another leader of the failed mutiny against President Aquino's government escaped prison.;[]
Morty Bennett eats a scallop and shrimp entree at a Chinese restaurant in Miami.;[]
A Cajun hot dog in one hand, Hurricane Slush in the other, I wander along Bourbon Street in the raffish French Quarter, just another media hound among 15,000 unleashed here to hunt down non-stories about the Crescent City—eat some gumbo, listen to great jazz, buy souvenirs.;[]
Bachelor's diet: You only eat half of everything you cook—because the other half sticks to the bottom of the pan.;[]
At the Houston Petroleum Club, industry officials couldn't eat lunch of late without discussing speculation that Exxon was going to walk away with all of the Tenneco properties.;[]
Indiana Rep. Andrew Jacobs, a Democrat who's neutral in the presidential-nomination contest, says Mr. Gephardt reminds him of a time in his life when he had to eat a lot of dinners at a drive-in restaurant.;[]
Here, they can eat gourmet kosher food and at a beach that is partitioned with a curtain—one side for men, the other for women.;[]
You'll probably want to eat a crab salad.;[]
"Feeling sick and lonely I returned to my tent to write out my casualty report; but instead, I sat on the floor and drank whisky after whisky as I gazed into a black and empty future.";[]
"A Middle Eastern analyst says Lebanese usually drink coffee at such occasions; Palestinians drink tea.";[]
They induced shopper Aileen Schmieder to temporarily stop trying to get her family to drink more milk and juice.;[]
"Film clips 30 and 40 years old are used to contrast the ""horrors"" of conventional surgery, radiation, and chemotherapy treatments with the ease of drinking a dose of Hoxsey's tonic.";[]
The pipe, dragging the sea floor 500 feet below, hit a coral boulder eight feet in diameter and sprang a leak.;[]
Previously reported experiments show that the drugs quickly dissolve the blood clot that initially blocked one of the heart's vital coronary arteries causing the heart attack.;[]
Companies still spend billions of dollars printing and storing forms—and destroying them when, say, an address changes.;[]
If the area were flooded, these mud-embedded bombs might loosen and float to the surface.;[]
Even if the commission could fix the process, it still wouldn't have solved the fundamental budget problem.;[]
"""If we do, I'm confident that the scientists at Genentech can fix it.""";[]
At the moment, Japan's short-term prime lending rate is fixed to the official discount rate, the interest rate at which the central Bank of Japan lends to commercial banks.;[]
The company didn't fix the problems fast enough.;[]
Brokerage rates are fixed by the finance ministry, so discount brokerage isn't possible, unlike London where the fixed commissions were abolished in 1986.;[]
Because exchange rates were securely fixed, the strength of international arbitrage in markets for tradable goods was remarkable.;[]
The two cases also underscore a peculiarity of the airline business, and possibly a dangerous one: When a design feature is called into question, the remedy usually isn't to recall and fix the plane but to let airlines rely on increased checking and maintenance if they choose.;[]
Bush and Dukakis should be asked to clarify where they stand on this important distinction, for it's clear that the real work of fixing the schools will fall to local politicians and school boards.;[]
All eyes are fixed on 18 television sets showing the changing of the guard at Buckingham Palace.;[]
"The study does have several major assumptions—the biggest being that Medicare expenditures are fixed; the figures reflect a simple shift of money from one doctor's pocket to another.";[]
The consulting firm of Data Resources Inc. expects business fixed investment this year to top the 1987 outlays by 11.1%.;[]
But Mr. Sherlund said he thinks the company has taken steps to fix that problem.;[]
Shawmut National Chairman John LaWare has emerged as the leading candidate to fill the vacant seat on the Federal Reserve Board.;[]
The six central-bank governors appointed by President Reagan are, for the most part, strong-minded individuals pursuing differing theories about how the economy works. John LaWare, the chairman of Shawmut National Corp., has emerged as the leading candidate to fill the remaining seat on the Reserve Board.;[]
Law enforcement officials said Attorney General Edwin Meese recently talked with Mr. Christensen about filling the post of deputy attorney general, and Mr. Christensen yesterday put out a statement confirming that the White House is considering him for the post.;[]
A. Gary Ames, president and chief executive officer of U S West Inc.'s Mountain Bell unit, was named a director of this supermarket operator, filling a vacancy on the 13-member board.;[]
Not only are youth and older people working together, but there are advertisements for employees to fill vacancies at wages well above the minimum wage.;[]
May's load factor, or the percentage of seats filled, rose to 59.29% from 55.31% a year earlier.;[]
The appointments, filling vacant posts, are the first since the company's top officers resigned at the end of May.;[]
"After the seven main tranches are filled, a little money usually remains—the ""residual tranch.""";[]
Mr. Myhren of American Television said the industry research lab will also examine more efficient ways to scramble satellite-delivered television programs to avoid theft, and other security issues.;[]
Right now, profit earned from gold is tax-free in Australia, allowing Reynolds to escape the normal 40% corporate tax rate.;[]
But there has been no escaping the drought that has tormented the Midwest this summer.;[]
At the scene of the crash, survivors said they were able to escape the plane by crawling out at a split in the fuselage and by going through an emergency exit over the wing.;[]
If yesterday's accident was linked to any internal weakness at Delta, the problem escaped the notice of an exhaustive internal investigation last year to see whether any of the mishaps were connected.;[]
They want the magic pill so they can continue eating pizza, ice cream, and whatever junk they want.;[]
These waters are full of the fish, mollusks, and small crustaceans that lobsters like to eat.;[]
He insists that Ashley's death was an accident caused by the child tipping over a trash can and eating discarded pills.;[]
They eat lighter, smaller portions.;[]
We believe that once people start drinking hard liquor in low concentrations, they may go on to higher concentrations.;[]
"In 1979 the federal government absorbed 20.5% of our gross national product; by 1986 that had increased to 23.8%.";[]
On the narrow issue at hand, several European nations would like NATO simply to absorb the cost of relocating the F-16s by using a special joint infrastructure fund, designed to finance $11 billion of NATO construction projects between 1985 and 1990.;[]
In the filing made Wednesday, the company proposed to absorb 25% of its obligations, which resulted in the charge.;[]
"As Eliot wrote: ""In a warm haze, the sultry light is absorbed, not refracted, by grey stone..."" and flowers do indeed ""sleep in empty silence.""";[]
According to one theory, the market was still trying to absorb the two large computer-generated sell programs that passed through the market Wednesday.;[]
The market is absorbing all of the mill's output of supercalender paper, Mr. Nugent said.;[]
Two years later a planning group examined the town's economic future, leading to the incorporation of the Greencastle Development Center in September 1986.;[]
West Fed will absorb 20% of the first $35 million of losses on the sale of those assets.;[]
Prime Computer Inc., as expected, reported a sharp earnings decline because of a write-off and costs related to absorbing an acquisition during its second quarter ended July 4.;[]
The Lloyd's market will absorb roughly half the estimated $1.4 billion in losses from the Piper Alpha disaster, he said.;[]
Brokers said the new 10-year bond to be floated by the Bonn government will be absorbed only slowly by the market.;[]
Mr. Iacocca said at the annual meeting that other factors also are hurting second-quarter profit, including additional research-and-development spending, the recently negotiated new contract with the United Auto Workers union and the cost of absorbing American Motors Corp., which Chrysler acquired last year.;[]
The new superconductors, discovered last year, conduct electricity without resistance when cooled with liquid nitrogen.;[]
In Central Asia, the Kremlin destroyed four nuclear missiles as part of the superpower treaty eliminating intermediate-range weapons.;[]
The Soviet accident came on the heels of a similar catastrophe in the U.S. Earlier this month, a plant operated by Pacific Engineering & Production Co. of Henderson, Nev., was destroyed by a string of explosions.;[]
Merrill used its financial clout to absorb losses as it cut margins and traded big positions, soon grabbing an estimated 20% market share and luring major British institutional clients.;[]
Leaders of the seven major industrial democracies kicked off their 14th annual economic summit by agreeing broadly that the world economy is in good shape, and that their own willingness to coordinate economic policies was one of the reasons.;[]
"Mr. Thunberg of Ried Thunberg said the Fed has ""aggressively"" absorbed reserves over each of the past three days, creating some confusion about its intentions.";[]
Equity capital is the clearest picture of a bank's net worth and its ability to absorb additional losses.;[]
USA Today, in only its fifth week on the air, has been besieged by lackluster ratings, savage reviews, rumors—fed by competitors—that the show will be canceled, and a spate of new rival programs aimed at replacing it.;[]
The park has been besieged for nearly three months by dry weather and fires that have charred more than half its 2.2 million acres.;[]
Though besieged by friends who want me to pick them a winner, he doesn’t bet often.;[]
Ever since, Banner has been besieged by hundreds of thrill-seeking callers.;[]
A Congress besieged by special interests passed Smoot-Hawley, and a Republican President too sensitive to business interests signed it.;[]
The U.S. armed forces are being besieged these days—not by foreign military aggressors—but by aggressive consumer-product marketers.;[]
You have to build up the equipment to a certain power level, test it, cool it down, then possibly repair it, and it may take months to bring it up again.;[]
Heavy water is used to control and cool the reaction of small research reactors.;[]
Engineers in uniforms and hardhats are everywhere, many maintaining the technological heart of the levitating train: its roadbed of specially cooled superconducting magnets.;[]
Mr. Bilirakis's letter referred to the March 2 death of Airman Recruit Lee Mirecki, 19 years old, of Appleton, Wis., who drowned during an elite rescue swimmer training program at the Pensacola, Fla., Naval Air Station.;[]
Consider two Louisiana cases: Maintenance worker Joe Dennis Jackson drowned while swimming at an employer-sponsored party.;[]
;
;
;
;
;
;
;
;
;
;
;
;
;
;
;
;
;
;
;
;
;
;
;
;
;
;
;
;
;
;
;
;
;
;
;
;
;
;
;
;
;
;
;
;
;
;
;
;
;
;
;
;
;
;
;
;
;
;
;
;
;
;
;
;
;
;
;
;
;
;
;
;
;
;
;
;
;
;
;
;
;
;
;
;
;
;
;
;
;
;
;
;
;
;
;
;
;
;
;
;
;
;
;
;
;
;
;
;
;
;
;
;
;
;
;
;
;
;
;
;
;
;
;
;
;
;
;
;
;
;
;
;
;
;
;
;
;
